{
	"typeHelp": "Type 'help' for list of all commands",
	"loadingSettingsJson": "Loading 'settings.json'",
	"apc": "Applying custom title",
	"lcc": "Loading custom commands...",
	"loadingLibs": "Loading libraries...",
	"thisIsResponsibleForMsgs": "Don't close this task. This is responsible for messages",
	"dcTurnedOffByPassword": "The console was turned off. To enable it, enter the password",
	"dcNotLatestVersion": "Error: Your console is not the latest version. Please update as this version may run out of support in any moment",
	"thisIsWin": "You have an a Windows!",
	"drlpfdc": "Downloading Russian Language Pack for DragonConsole...",

	"libNotFound": "Library not found",
	"enableIntroError": "Failed to load variable 'enableIntro' in 'settings.json'",
	"incorrectPassword": "Incorrect password",
	"unknownSystemName": "Error: Unknown system name",
	"dcEnLangPackIsInstalled": "Error: English Language Pack for DragonConsole is installed",
	"KeyboardInterruptError": "Critical Error Occured. Error: KeyboardInterrupt",
	"OutOfMemoryError": "Critical Error Occured. Error: Out of memory",
	"TimeoutError": "Critical Error Occured. Error: Timeout Ended",

	"lowResolutionLine1": "CRITICAL ERROR OCCURED - Low console resolution!",
	"lowResolutionLine2": "Please change console resolution",

	"linuxNotSupportedLine1": "Oops, console is not supported on linux. Please install Windows because DragonConsole, is not supporting linux",
	"linuxNotSupportedLine2": "But you can try enable the 'BypassPlatformOSCheck' in file 'settings.json'. I DO NOT ADVISE TO EXPOSE THIS PARAMETER, BECAUSE THE CONSOLE WILL START WORKING WRONG",

	"BypassPlatformOSCheckWARNING": "WARNING: Setting 'BypassPlatformOSCheck' enabled. MAYBE THE CONSOLE WILL START WORKING WRONG NOW"
}